Series,Start,End,Observations,Missing_Total,Latest
RATE_SOFR,2018-04-02,2026-09-30,2123,5945,3.9
RATE_EFFR,2000-07-03,2026-09-30,6593,1475,3.88
RATE_IORB,2021-07-29,2026-09-30,1890,6178,3.9
RATE_ON_RRP,2013-09-23,2026-09-30,3172,4896,3.75
RATE_AA_FIN_30D,1997-01-02,2026-09-25,6073,1995,3.99
RATE_AA_FIN_60D,1997-01-02,2026-09-29,5784,2284,4.01
RATE_AA_FIN_90D,1997-01-02,2026-09-29,6751,1317,4.07
RATE_AA_NF_30D,1997-01-02,2026-09-30,6998,1070,3.93
RATE_AA_NF_60D,1997-01-02,2026-09-28,6216,1852,4.01
RATE_AA_NF_90D,1997-01-02,2026-09-21,5305,2763,4.08
RATE_A2P2_NF_30D,1997-01-02,2026-09-30,7416,652,4.15
RATE_A2P2_NF_60D,1998-01-02,2026-09-29,6638,1430,4.2
RATE_A2P2_NF_90D,1998-01-02,2026-09-25,5094,2974,4.32
RATE_TGCR,2018-04-02,2026-09-30,2123,5945,3.88
RATE_BGCR,2018-04-02,2026-09-30,2123,5945,3.88
SPREAD_SOFR-EFFR,2018-04-02,2026-09-30,2123,5945,2.0000000000000018
SPREAD_TGCR-SOFR,2018-04-02,2026-09-30,2123,5945,-2.0000000000000018
SPREAD_BGCR-TGCR,2018-04-02,2026-09-30,2123,5945,0.0
SPREAD_SOFR-IORB,2021-07-29,2026-09-30,1291,6777,0.0
SPREAD_EFFR-IORB,2021-07-29,2026-09-30,1298,6770,-2.0000000000000018
SPREAD_SOFR-ON_RRP,2018-04-02,2026-09-30,2048,6020,14.999999999999991
SPREAD_A2P2-AA_NF_30D,1997-01-02,2026-09-30,6986,1082,22.00000000000002
SPREAD_A2P2-AA_NF_60D,1998-01-02,2026-09-28,5559,2509,19.00000000000004
SPREAD_A2P2-AA_NF_90D,1998-01-02,2026-09-21,3688,4380,16.999999999999993
SPREAD_AA_FIN-AA_NF_30D,1997-01-02,2026-09-25,5832,2236,2.0000000000000018
SPREAD_AA_FIN-AA_NF_60D,1997-01-02,2026-09-28,5127,2941,4.999999999999982
SPREAD_AA_FIN-AA_NF_90D,1997-01-02,2026-09-21,4982,3086,-0.9999999999999787
SPREAD_AA_FIN_90D-30D,1997-01-02,2026-09-04,5849,2219,12.00000000000001
SPREAD_AA_NF_90D-30D,1997-01-02,2026-09-21,5177,2891,12.99999999999999
SPREAD_A2P2_NF_90D-30D,1998-01-02,2026-09-25,5093,2975,18.00000000000006
