Series,Date,Current,Start,Observations,Min,Max
SOFR,2026-09-28,3.9,2018-04-02,2121,0.01,5.4
EFFR,2026-09-28,3.88,2000-07-03,6588,0.04,7.03
IORB,2026-09-30,3.9,2021-07-29,1890,0.15,5.4
ON_RRP,2026-09-29,3.75,2013-09-23,3171,0.0,5.3
AA_FIN_30D,2026-09-25,3.99,1997-01-02,6073,0.01,6.58
AA_FIN_60D,2026-09-28,4.06,1997-01-02,5783,0.02,6.62
AA_FIN_90D,2026-09-28,4.15,1997-01-02,6750,0.04,6.68
AA_NF_30D,2026-09-25,3.97,1997-01-02,6996,0.02,6.59
AA_NF_60D,2026-09-28,4.01,1997-01-02,6216,0.01,6.61
AA_NF_90D,2026-09-21,4.08,1997-01-02,5305,0.03,6.65
A2P2_NF_30D,2026-09-28,4.14,1997-01-02,7414,0.11,7.9
A2P2_NF_60D,2026-09-28,4.2,1998-01-02,6637,0.12,8.42
A2P2_NF_90D,2026-09-25,4.32,1998-01-02,5094,0.11,7.43
TGCR,2026-09-28,3.89,2018-04-02,2121,0.01,5.35
BGCR,2026-09-28,3.89,2018-04-02,2121,0.01,5.35
