Spread,Start,End,Obs,Current_bp,Mean_bp,Median_bp,Percentile,Z_Full,Z_1Y,Z_63D,AR1_phi,HalfLife_obs,ADF_p,Vol_21D_bp,Vol_63D_bp,Hist_Min_bp,Hist_Max_bp,Regime
SOFR-EFFR,2018-04-02,2026-09-28,2121,2.0000000000000018,-0.20462046204621148,-0.9999999999999996,83.4983498349835,0.26821119000646765,-0.11045118183480027,0.6938266706282743,0.3841454158097338,0.7244930148691376,1.2909987004818216e-05,2.181087539999908,2.6080343782190405,-15.0,295.0,Normal
TGCR-SOFR,2018-04-02,2026-09-28,2121,-0.9999999999999787,-1.7477604903347475,-1.9999999999999991,79.9151343705799,0.5042453415601958,1.3453338110655753,1.6163409599295757,0.783223123536027,2.8368413197915645,0.001948464084939943,0.511766315719164,0.6088610067580571,-12.99999999999999,4.0000000000000036,High
BGCR-TGCR,2018-04-02,2026-09-28,2121,0.0,0.019330504479019343,0.0,97.78406412069779,-0.1231813277320379,-0.0892650769800482,,0.15720235997795518,0.37462932036725854,6.232474864051809e-12,0.0,0.0,-1.0000000000000009,1.0000000000000675,Normal
SOFR-IORB,2021-07-29,2026-09-28,1289,0.0,-6.911559348332064,-9.000000000000075,90.92319627618308,1.2600163089145089,-0.11740611103396967,0.6795699510575955,0.9141264607232681,7.7199610306271484,0.3223948218779833,2.181087539999908,2.7561781831302854,-21.000000000000007,31.999999999999986,Normal
EFFR-IORB,2021-07-29,2026-09-28,1296,-2.0000000000000018,-6.0108024691358155,-7.000000000000028,91.51234567901234,1.9260096375830043,-0.047234638890456586,0.2583030652162982,0.9951858025648322,143.63294697056003,0.8079799866897888,9.101120538054985e-16,0.2458045298025995,-9.0,-0.9999999999999787,Normal
SOFR-ON_RRP,2018-04-02,2026-09-28,2046,14.999999999999991,7.9584555229716525,4.999999999999982,80.49853372434018,0.6167919647368081,-0.11740611103397024,0.6795699510575958,0.6524041852827877,1.6229496567374009,0.03565834964657165,2.1810875399999077,2.756178183130285,-11.00000000000001,325.0,Normal
A2P2-AA_NF_30D,1997-01-02,2026-09-25,6984,16.99999999999995,33.8545246277205,24.0,18.4135166093929,-0.36531088023136343,-1.1318426414065463,-1.5068527382232306,0.9745978066343853,26.938842951863478,2.5634547137614623e-08,3.7746018396142222,5.077333343014626,-119.0,615.0,Low
A2P2-AA_NF_60D,1998-01-02,2026-09-28,5559,19.00000000000004,36.91779096959885,26.999999999999957,25.184385680877856,-0.40852303355301284,-0.9349234253522206,-0.6763736387171974,0.9551845315915071,15.117473047164907,2.1687974071205617e-08,5.910442735813731,7.157685581081646,-0.9999999999999787,512.0,Normal
A2P2-AA_NF_90D,1998-01-02,2026-09-21,3688,16.999999999999993,38.60737527114968,29.000000000000004,14.20824295010846,-0.5170369306333875,-0.9789098197015063,-0.9203091058017421,0.9093359225174265,7.293161463780078,2.2201015903358217e-11,12.579083167438442,14.71210319916071,-4.0000000000000036,611.0,Normal
AA_FIN-AA_NF_30D,1997-01-02,2026-09-25,5832,2.0000000000000018,3.895233196159122,2.0000000000000004,56.104252400548695,-0.1566895603939204,0.07662832880411313,0.5049270501253671,0.7981313306284399,3.0740671565498636,2.371036356679445e-07,3.124404705204621,4.621129592391608,-86.0,236.0,Normal
AA_FIN-AA_NF_60D,1997-01-02,2026-09-28,5127,4.999999999999982,5.530329627462453,3.0,69.00721669592355,-0.04188471346447325,0.0052975876344194175,0.8350855562466332,0.8010139233236513,3.1240161796430006,7.621343056045579e-05,4.126568965687048,5.531226812026687,-48.0,186.0,Normal
AA_FIN-AA_NF_90D,1997-01-02,2026-09-21,4982,-0.9999999999999787,6.258129265355279,3.000000000000025,12.745885186672018,-0.5142669333302198,-0.5651544382260969,-0.7176975697793728,0.7923731545118757,2.97842347710953,0.002363880215283667,5.388258840602715,6.236875620975673,-122.00000000000001,199.99999999999997,Normal
AA_FIN_90D-30D,1997-01-02,2026-09-04,5849,12.00000000000001,8.37681654983758,6.0,72.38844246879809,0.24339709090011147,-0.07570498137044235,1.2458273884905469,0.8229397601486992,3.556930689482954,1.1553924885142137e-05,4.890223483061451,7.122187194621311,-82.00000000000003,187.0,Normal
AA_NF_90D-30D,1997-01-02,2026-09-21,5177,12.99999999999999,4.546648638207456,3.9999999999999982,86.4013907668534,0.6364158199913438,1.9446133112895259,2.237069068890997,0.8301802211140474,3.7243457594267717,7.71161279903744e-08,5.482439498721605,4.796525453493523,-128.0,112.99999999999999,High
A2P2_NF_90D-30D,1998-01-02,2026-09-25,5093,18.00000000000006,8.745140388768899,6.999999999999998,83.66385234635774,0.5172799758311522,1.646653355643474,1.2715837426810572,0.6111951913669869,1.407865940163464,4.703798639678227e-11,4.014260294784803,7.4023425251193995,-121.99999999999997,185.99999999999994,High
