Spread,Old_N,Rebuilt_N,Common_N,Max_Abs_Error_bp,PASS
SOFR-EFFR,2121,2121,2121,0.0,True
TGCR-SOFR,2121,2121,2121,0.0,True
BGCR-TGCR,2121,2121,2121,0.0,True
SOFR-IORB,1289,1289,1289,0.0,True
EFFR-IORB,1296,1296,1296,0.0,True
SOFR-ON_RRP,2046,2046,2046,0.0,True
A2P2-AA_NF_30D,6984,6984,6984,0.0,True
A2P2-AA_NF_60D,5559,5559,5559,0.0,True
A2P2-AA_NF_90D,3688,3688,3688,0.0,True
AA_FIN-AA_NF_30D,5832,5832,5832,0.0,True
AA_FIN-AA_NF_60D,5127,5127,5127,0.0,True
AA_FIN-AA_NF_90D,4982,4982,4982,0.0,True
AA_FIN_90D-30D,5849,5849,5849,0.0,True
AA_NF_90D-30D,5177,5177,5177,0.0,True
A2P2_NF_90D-30D,5093,5093,5093,0.0,True
